"","COUNTRY","YEAR","UNEMP","INCOME","BEER","OTHER","SPIRITS","WINE","MORTALITY"
"1","Belgium","2001",6.6,18850,6.08,0.04,0.93,3.99,22.8403844341005
"2","Bulgaria","2001",19.6,4302,3.22,0,4.77,3.23,36.0615377936787
"3","Czechia","2001",8.1,10806,7.46,0,3.92,2.38,72.2685875110239
"4","Denmark","2001",4.5,15333,5.56,0,1.39,4.59,56.1382696756445
"5","Germany","2001",7.8,19693,6.71,0,2.54,3.21,42.6005846255883
"6","Estonia","2001",13,6430,4.52,0.28,4.1,0.32,62.2479238277063
"7","Ireland","2001",4.2,16108,7.76,1.34,3.02,1.94,58.8359241127019
"8","Greece","2001",10.7,14200,2.35,0.03,2.49,4.45,28.6330733428041
"9","Spain","2001",10.6,15155,3.91,0,4.23,4.2,52.7234215906237
"10","France","2001",7.8,18955,2.15,0.56,2.77,8.4,60.9826089069885
"11","Croatia","2001",16,8422,5.26,0.04,1.84,7.42,86.1057480148313
"12","Italy","2001",9,18447,1.69,0,1.07,6.93,40.662051128451
"13","Cyprus","2001",3.9,13244,3.71,0,3.97,2.47,17.3345085279574
"14","Latvia","2001",13.5,5665,2.12,0.14,3.04,1.38,53.1809332596299
"15","Lithuania","2001",17.4,6670,4,0.64,3.67,1.89,72.0752929382955
"16","Luxembourg","2001",1.9,25871,4.43,0,2.66,5.81,44.6951248698195
"17","Hungary","2001",5.6,8550,4.25,0,4.07,4.86,124.79809093243
"18","Netherlands","2001",3.1,19939,4.87,0,2.1,2.98,19.3593109348101
"19","Austria","2001",4,19162,6.6,0,1.5,4.3,43.3465461744222
"20","Poland","2001",18.3,8265,4.08,0,2.09,1.56,43.8410312419072
"21","Portugal","2001",5.1,13783,3.65,0.33,1.6,7.83,93.5439094497095
"22","Romania","2001",7.4,4465,3.12,0,3.5,3.16,138.723640975608
"23","Slovenia","2001",6.2,12589,4.65,0,1.87,5.07,40.2965356776902
"24","Slovakia","2001",19.5,8295,4.32,0.37,4.56,1.48,57.1872553377801
"25","Finland","2001",9.1,14637,4.37,1.06,2.32,1.19,32.2484125052309
"26","Sweden","2001",5.8,16431,2.7,0,1.4,2.5,20.589659604156
"27","United Kingdom","2001",5,18316,5.06,0.61,2.03,3.6,15.0873376281201
"28","Belgium","2002",7.5,19421,6.09,0.04,0.95,4.26,25.0733694928423
"29","Bulgaria","2002",18.2,4871,2.98,0,4.88,2.75,35.9309264542757
"30","Czechia","2002",7.3,11015,7.57,0,3.9,2.25,71.3016294527759
"31","Denmark","2002",4.6,16135,5.48,0,1.42,4.43,58.4182123153016
"32","Germany","2002",8.6,19837,6.67,0,2.44,3.14,41.8655937863607
"33","Estonia","2002",11.2,6865,4.63,0.32,5.05,0.36,68.0294493566812
"34","Ireland","2002",4.7,16552,7.56,1.16,3.11,2.14,56.6106485915872
"35","Greece","2002",10.3,15274,2.38,0.03,2.57,3.69,27.4031293270114
"36","Spain","2002",11.5,15959,3.83,0,2.89,4.02,51.6605553275939
"37","France","2002",7.9,19741,2.25,0.2,2.74,8.59,59.4069804066671
"38","Croatia","2002",15.3,8422,5.03,0.03,1.81,7.95,84.4731305363103
"39","Italy","2002",8.5,18774,1.64,0,1.07,6.54,38.2558863235172
"40","Cyprus","2002",3.5,13348,3.5,0,5.47,2.7,16.7578989303112
"41","Latvia","2002",12.5,6356,2.74,0.16,3.04,1.5,55.1444866676725
"42","Lithuania","2002",13.8,7342,4.66,0.69,3.59,2.06,77.0460867855155
"43","Luxembourg","2002",2.6,27753,4.46,0,2.59,5.86,49.5736551879977
"44","Hungary","2002",5.6,9239,4.34,0,4.06,4.88,123.154677070728
"45","Netherlands","2002",3.7,20687,4.83,0,2.01,2.84,19.3509773299087
"46","Austria","2002",4.4,19767,6.4,0,1.7,4.4,42.5246395748463
"47","Poland","2002",20,8564,4.31,0,2.07,1.64,45.2717914648936
"48","Portugal","2002",6.2,14082,3.58,0.35,1.59,7.71,90.4869615235964
"49","Romania","2002",8.3,4666,3.38,0,2.32,3.92,140.068421737474
"50","Slovenia","2002",6.3,13261,4.32,0,1.69,3.86,38.5498469492858
"51","Slovakia","2002",18.8,8810,4.53,0.37,4.29,1.59,56.1273864483659
"52","Finland","2002",9.1,15280,4.43,1.14,2.37,1.31,32.5496613396511
"53","Sweden","2002",6,17094,2.7,0,1.4,2.8,20.8470245408446
"54","United Kingdom","2002",5.1,18903,5.11,0.61,2.32,3.27,15.9215838417139
"55","Belgium","2003",8.2,19363,6.14,0.04,1.07,4.06,27.4359369688621
"56","Bulgaria","2003",13.7,5204,3.3,0,4.96,2.93,36.7884453549801
"57","Czechia","2003",7.8,11512,7.63,0,4.01,2.24,71.5599813986906
"58","Denmark","2003",5.4,16222,5.47,0,1.6,4.47,58.7638362986544
"59","Germany","2003",9.7,20401,6.43,0,2.35,3.14,41.4629361413695
"60","Estonia","2003",10.3,7368,4.59,0.49,6.11,0.37,72.682051668535
"61","Ireland","2003",4.8,17082,7.22,1.15,2.43,2.26,53.2028680531689
"62","Greece","2003",9.7,15839,2.25,0.03,2.63,4.58,27.2849583431355
"63","Spain","2003",11.5,16164,4.11,0,3.42,3.82,52.6407842639567
"64","France","2003",8.5,19203,2.29,0.19,2.65,8.36,57.7983331686375
"65","Croatia","2003",14.1,8714,5.14,0.03,1.83,6.81,81.9655663846361
"66","Italy","2003",8.4,18961,1.75,0,1.07,6.47,36.7385469912518
"67","Cyprus","2003",4.1,14093,3.56,0,4.55,2.5,16.1173400979782
"68","Latvia","2003",11.6,6836,2.97,0.16,3.33,1.78,54.6943778690409
"69","Lithuania","2003",12.4,8169,4.58,0.76,3.71,2.24,82.7474233864968
"70","Luxembourg","2003",3.8,28104,4.36,0,2.5,5.75,53.7235882518715
"71","Hungary","2003",5.8,9745,4.47,0,4.17,4.6,122.154853483468
"72","Netherlands","2003",4.8,19924,4.81,0,1.81,2.94,19.4308419738737
"73","Austria","2003",4.8,20429,6.4,0,1.7,4.1,41.4233872393143
"74","Poland","2003",19.8,8643,4.51,0,2.9,1.64,46.9210233683259
"75","Portugal","2003",7.4,14323,3.57,0.33,1.57,8.74,87.1380538196097
"76","Romania","2003",7.7,4438,3.64,0,1.82,3.33,137.160114556079
"77","Slovenia","2003",6.7,13255,4.51,0,1.58,5.46,37.4048897977473
"78","Slovakia","2003",17.7,8652,4.38,0.36,3.65,1.46,53.6194729475285
"79","Finland","2003",9,15686,4.37,1.13,2.38,1.43,34.9477943305562
"80","Sweden","2003",6.6,17157,2.8,0,1.2,2.9,21.2196801573496
"81","United Kingdom","2003",5,19265,5.16,0.6,2.45,3.04,16.5447045133697
"82","Belgium","2004",8.4,19622,5.95,0.02,1.84,4.26,29.4726155102353
"83","Bulgaria","2004",12.1,5474,3.52,0.06,5.29,2.09,38.1782320102053
"84","Czechia","2004",8.3,11963,7.55,0,3.53,2.23,68.0468967484762
"85","Denmark","2004",5.5,16920,5.11,0,1.85,4.32,58.4373006802418
"86","Germany","2004",10.4,21039,6.29,0,2.48,3.06,39.7092869804021
"87","Estonia","2004",10.1,8063,5.29,0.69,6.61,0.64,79.0179663831167
"88","Ireland","2004",4.7,18032,7.01,1.15,2.45,2.53,51.7810512350832
"89","Greece","2004",10.6,16654,2.22,0.21,2.26,4.91,27.2091692525465
"90","Spain","2004",11,16664,4.1,0,3.69,3.89,49.1575797361404
"91","France","2004",8.9,19623,2.24,0.17,2.67,8.1,53.5624529388133
"92","Croatia","2004",13.8,9130,4.94,0.38,1.31,6.5,76.4114153942155
"93","Italy","2004",8,19340,1.72,0,1.07,6.19,33.4024871333306
"94","Cyprus","2004",4.6,15421,3.6,0,6.79,2.64,15.6222070314996
"95","Latvia","2004",11.7,7514,3.69,0.43,3.74,0.95,57.3271281903677
"96","Lithuania","2004",10.9,9352,4.62,0.79,4.31,2.37,89.5782351434066
"97","Luxembourg","2004",5,28208,4.27,0,2.58,5.58,56.7662706828666
"98","Hungary","2004",6.1,10340,4.385,0,4.155,4.55,118.470775635808
"99","Netherlands","2004",5.7,20599,4.8,0,1.66,3.1,18.9747018720036
"100","Austria","2004",5.5,21127,6.7,0,1.6,3.8,40.2632966968554
"101","Poland","2004",19.1,8848,4.66,0,3.01,1.53,49.7846856399471
"102","Portugal","2004",7.8,14743,3.7,0.48,1.23,8.05,80.3113064468386
"103","Romania","2004",8,5560,4.24,0,1.29,4.29,131.156280207056
"104","Slovenia","2004",6.3,13823,4.51,0.2,1.11,4.18,34.2498589153673
"105","Slovakia","2004",18.4,9233,3.99,0.48,4.23,1.33,49.3354390240105
"106","Finland","2004",8.8,16839,4.57,1.11,2.79,1.42,37.8049660425067
"107","Sweden","2004",7.4,17628,2.6,0,1.2,2.8,22.1629714352279
"108","United Kingdom","2004",4.7,20553,5.09,0.62,2.51,3.32,16.94685286675
"109","Belgium","2005",8.5,20422,6.03,0.02,1.97,4.2,31.069567952599
"110","Bulgaria","2005",10.1,5902,3.56,0.09,4.93,1.95,40.0345714680786
"111","Czechia","2005",7.9,12586,7.39,0,3.64,2.23,65.1430137960623
"112","Denmark","2005",4.8,17545,5.05,0,1.78,4.44,56.7432572637461
"113","Germany","2005",11.2,21653,6.62,0,2.29,3.13,38.6705713591373
"114","Estonia","2005",8,9006,5.05,1.24,6.99,1.42,81.1517731842077
"115","Ireland","2005",4.6,19459,7.04,1.08,2.55,2.75,49.8220615034555
"116","Greece","2005",10,17018,2.22,0.2,2.27,5.35,26.7278049532296
"117","Spain","2005",9.2,17565,4.98,0,3.27,3.67,48.0512188215682
"118","France","2005",8.9,20609,2.3,0.3,2.6,7.4,52.566636365508
"119","Croatia","2005",13,9352,4.85,0.38,1.27,5.08,74.0765831375175
"120","Italy","2005",7.7,19941,1.48,0,0.9,5.03,31.5446718765329
"121","Cyprus","2005",5.3,16968,3.62,0,5,2.79,15.0878296091387
"122","Latvia","2005",10,8449,3.8,0.6,4.57,0.94,65.3790439151615
"123","Lithuania","2005",8.3,10079,5.8,0.6,4.5,1.4,100.597266045674
"124","Luxembourg","2005",4.6,29131,4.46,0,2.44,5.12,57.0807408447415
"125","Hungary","2005",7.2,11080,4.3,0,4.14,4.5,118.142627274109
"126","Netherlands","2005",5.9,21304,4.77,0,1.59,3.3,18.4176240453593
"127","Austria","2005",5.6,22584,6.07,0,1.6,4.1,39.2003987469698
"128","Poland","2005",17.9,8927,5.3,0,3,1.2,51.19707899445
"129","Portugal","2005",8.8,15719,3.76,0.48,1.12,7.97,76.6761425257318
"130","Romania","2005",7.1,5864,4.07,0,1.28,2.33,128.269643440648
"131","Slovenia","2005",6.5,14642,4.7,0.19,1.09,5.22,31.3487575718293
"132","Slovakia","2005",16.4,9799,3.85,0,5.42,1.56,48.8564356208171
"133","Finland","2005",8.4,17386,4.59,1.08,2.82,1.47,38.6877302744199
"134","Sweden","2005",7.7,18365,2.6,0,1,2.9,21.6542491356222
"135","United Kingdom","2005",4.8,20931,4.85,0.65,2.45,3.42,17.4859876759842
"136","Belgium","2006",8.3,21226,5.58,0.02,0.99,4.35,31.138461665671
"137","Bulgaria","2006",9,6279,3.96,0.07,4.8,1.58,40.49556821281
"138","Czechia","2006",7.1,13111,7.03,0,3.75,2.34,61.1023868357368
"139","Denmark","2006",3.9,18665,4.92,0.07,1.69,4.34,57.1343622553197
"140","Germany","2006",10.1,22303,6.73,0,2.28,3.13,37.4592806262009
"141","Estonia","2006",5.9,9860,5.16,1.27,7.95,1.45,84.7688481986743
"142","Ireland","2006",4.8,20290,6.84,1.1,2.57,2.87,47.8166212404501
"143","Greece","2006",9,18358,2.27,0.18,2.27,4.75,25.5076862574897
"144","Spain","2006",8.5,18331,5.15,0,3.28,3.43,45.9209406351158
"145","France","2006",8.8,21327,2.4,0.2,2.7,7.1,50.2885334351852
"146","Croatia","2006",11.6,9945,4.98,0.39,1.27,5.2,68.6025514676559
"147","Italy","2006",6.8,20810,1.51,0,0.85,4.89,29.3641519546175
"148","Cyprus","2006",4.6,17839,3.58,0,4.97,2.92,13.9009018902074
"149","Latvia","2006",7,9652,4.09,0.78,4.48,1.06,71.9514644509725
"150","Lithuania","2006",5.8,11115,6,0.8,4.5,1.4,107.792172852116
"151","Luxembourg","2006",4.6,30139,4.57,0,2.49,5.11,56.6802944657588
"152","Hungary","2006",7.5,11443,4.38,0,4.25,4.53,112.788642892783
"153","Netherlands","2006",5,22852,4.77,0,1.59,3.42,18.2378581911605
"154","Austria","2006",5.3,23618,6.7,0,1.5,4.2,37.4175142778359
"155","Poland","2006",13.9,9502,5.9,0,3.2,1.3,51.9747202560459
"156","Portugal","2006",8.9,16254,3.78,0.49,1.08,7.78,73.7820943879231
"157","Romania","2006",7.2,6614,4.62,0,0.9,2.99,124.657940836371
"158","Slovenia","2006",6,15181,5.7,0,1.13,5.43,30.344296383014
"159","Slovakia","2006",13.5,10428,3.83,0,4.31,2.16,46.3956896393283
"160","Finland","2006",7.7,18376,4.57,1.17,2.86,1.55,37.9843748668664
"161","Sweden","2006",7.1,19703,2.5,0.1,1,2.9,21.2650520726833
"162","United Kingdom","2006",5.4,21863,4.7,0.75,2.25,3.25,18.2718787401523
"163","Belgium","2007",7.5,21794,5.2,0.02,3.96,4.26,32.1950371453885
"164","Bulgaria","2007",6.9,6776,4.41,0.07,4.73,1.7,39.9890424689599
"165","Czechia","2007",5.3,13950,7.03,0,3.86,2.46,58.7236061826272
"166","Denmark","2007",3.8,19614,4.77,0.07,1.74,4.42,55.4494263836337
"167","Germany","2007",8.5,23102,6.48,0,2.16,3.24,36.4074588517268
"168","Estonia","2007",4.6,11215,5.3,1.4,9.28,1.39,90.2258060255281
"169","Ireland","2007",5,20952,6.63,1.06,2.68,3,45.1418207463493
"170","Greece","2007",8.4,18984,2.38,0.17,2.26,4.88,25.8331758617149
"171","Spain","2007",8.2,18502,5.09,0,3.18,2.78,44.7824237181046
"172","France","2007",8,22330,2.3,0.3,2.7,7.3,48.0476310457239
"173","Croatia","2007",9.9,10659,5.13,0.41,1.24,5.5,65.1704674419296
"174","Italy","2007",6.1,21660,1.55,0,0.72,4.92,27.1244751382318
"175","Cyprus","2007",3.9,19310,3.71,0,4.95,2.92,13.4838232851848
"176","Latvia","2007",6.1,10768,4.15,0.88,5.91,1.18,74.2065457956792
"177","Lithuania","2007",4.3,11598,5.6,1.6,5.3,0.9,115.358958231922
"178","Luxembourg","2007",4.2,30806,4.39,0,2.43,5.12,54.5251962814102
"179","Hungary","2007",7.4,11288,4.58,0,4.12,3.85,108.160804706945
"180","Netherlands","2007",4.2,24045,4.76,0,1.59,3.17,17.9093040053631
"181","Austria","2007",4.9,24326,6.4,0,1.7,4.4,36.5423002052778
"182","Poland","2007",9.6,10560,6.1,0,3.5,1.3,52.4193874616621
"183","Portugal","2007",9.1,16583,3.71,0.51,1.06,7.31,71.2364885116909
"184","Romania","2007",6.4,7138,5.44,0,1.9,3.3,121.751768531771
"185","Slovenia","2007",4.9,15910,5.7,0,1.24,4.08,27.9822092306412
"186","Slovakia","2007",11.2,11754,3.94,0,4.9,1.79,44.8760441313653
"187","Finland","2007",6.9,20071,4.7,1.25,2.86,1.64,38.3139793586605
"188","Sweden","2007",6.1,21260,2.6,0.1,1.1,3.1,20.4135802130522
"189","United Kingdom","2007",5.3,22486,4.45,0.8,2.35,3.53,18.0974654429261
"190","Belgium","2008",7,22285,5.04,0.06,1.59,3.83,33.2128409658734
"191","Bulgaria","2008",5.6,7626,4.41,0.07,4.8,1.73,39.6804108523179
"192","Czechia","2008",4.4,14250,7.15,0,3.74,2.45,56.6496853216348
"193","Denmark","2008",3.7,19703,4.51,0.06,1.66,4.47,51.1142665366024
"194","Germany","2008",7.4,23275,6.35,0,2.16,3.24,35.5122494932996
"195","Estonia","2008",5.5,12099,5.05,1.83,8.2,1.3,86.0389988551641
"196","Ireland","2008",6.8,20870,6.18,0.93,2.45,2.86,43.195693300125
"197","Greece","2008",7.8,19517,2.4,0.17,2.22,4.72,24.8226419911295
"198","Spain","2008",11.3,18654,4.92,0,2.88,2.44,42.9800799905635
"199","France","2008",7.4,22206,2.2,0.3,2.8,7,46.2614983051538
"200","Croatia","2008",8.6,11278,5.03,0.42,1.25,5.62,62.1345907419404
"201","Italy","2008",6.7,21812,1.47,0,0.72,4.65,25.1247661621575
"202","Cyprus","2008",3.7,20562,3.9,0,5.17,2.97,12.7220823947512
"203","Latvia","2008",7.7,11611,4.12,0.79,5.8,1.13,72.5023951023637
"204","Lithuania","2008",5.8,12699,5.4,1.5,5.5,0.9,108.22828118283
"205","Luxembourg","2008",4.9,31085,4.28,0,2.48,4.97,52.9684475004757
"206","Hungary","2008",7.8,11397,4.28,0,4.11,3.25,99.9222945702143
"207","Netherlands","2008",3.7,24202,4.74,0,1.58,3.28,18.0084634285674
"208","Austria","2008",4.1,24381,6.4,0,1.7,3.9,35.2096995436041
"209","Poland","2008",7.1,11005,6.1,0,4.1,1.2,51.6791864065313
"210","Portugal","2008",8.8,16770,3.55,0.5,1.01,7.29,68.3432502202983
"211","Romania","2008",5.6,8553,5.5,0,2.9,3.5,123.410366845948
"212","Slovenia","2008",4.4,16458,5.16,0,1.2,4.58,25.4648597543501
"213","Slovakia","2008",9.6,12846,3.81,0,5.59,2.02,43.9226892264432
"214","Finland","2008",6.4,20783,4.62,1.28,2.69,1.67,37.3662666760268
"215","Sweden","2008",6.2,21815,2.6,0.1,1.1,3.1,19.3222396385913
"216","United Kingdom","2008",5.6,22246,4.22,0.83,2.28,3.44,18.0791379974514
"217","Belgium","2009",7.9,21881,4.94,0.05,1.45,3.66,33.2344917840966
"218","Bulgaria","2009",6.8,7468,4.03,0.07,4.84,2.02,39.017402072369
"219","Czechia","2009",6.7,14538,7,0,3.86,2.45,54.2843439284922
"220","Denmark","2009",6.4,19840,4.13,0.05,1.52,4.38,48.2470858251131
"221","Germany","2009",7.6,22896,6.34,0,2.15,3.11,34.7340727887507
"222","Estonia","2009",13.5,11373,4.69,1.37,7.2,1.06,85.0471091030814
"223","Ireland","2009",12.6,19495,5.76,0.87,1.99,2.65,42.1849430354348
"224","Greece","2009",9.6,19263,2.27,0.16,2.18,4.46,24.4046285721622
"225","Spain","2009",17.9,18051,4.98,0,2.73,2.28,40.6981839561338
"226","France","2009",9.1,21889,2.2,0.3,2.7,7.1,45.0763650754211
"227","Croatia","2009",9.3,11177,4.76,0.42,1.24,5.66,56.3676729683453
"228","Italy","2009",7.7,20847,1.4,0,0.7,4.3,23.2922531248898
"229","Cyprus","2009",5.4,19652,3.69,0,4.52,2.6,12.5732262453574
"230","Latvia","2009",17.5,9901,4.35,0.53,3.94,1.03,71.6508107512767
"231","Lithuania","2009",13.8,11849,5.4,1.5,4.6,0.9,96.8964692148689
"232","Luxembourg","2009",5.1,30321,4.27,0,2.43,4.91,52.3116020901434
"233","Hungary","2009",10,11284,4.26,0,3.99,3.21,94.6155615597427
"234","Netherlands","2009",4.4,23547,4.37,0,1.58,3.28,17.8070383086286
"235","Austria","2009",5.3,23870,6.2,0,1.7,3.4,35.8668877474498
"236","Poland","2009",8.1,11339,5.9,0,3.8,1,50.3045802790166
"237","Portugal","2009",10.7,16533,3.41,0.47,0.94,7.21,65.8585418339223
"238","Romania","2009",6.5,8014,4.9,0,2.4,3.1,123.581178309616
"239","Slovenia","2009",5.9,15515,5.09,0,0.88,4.55,23.0865628665199
"240","Slovakia","2009",12.1,12875,3.92,0,4.63,2.14,41.0404953603344
"241","Finland","2009",8.2,20676,4.54,1.25,2.49,1.68,36.0915428137929
"242","Sweden","2009",8.3,21381,2.7,0.1,1.2,3.3,18.4162398603009
"243","United Kingdom","2009",7.6,21613,3.84,0.92,2.16,3.23,17.7954001843554
"244","Belgium","2010",8.3,22370,5.03,0.05,1.48,3.72,32.9072200851242
"245","Bulgaria","2010",10.3,7880,4.01,0.07,5.02,1.73,37.9955576973206
"246","Czechia","2010",7.3,14810,6.79,0,3.28,2.58,52.5402299873704
"247","Denmark","2010",7.7,21038,3.9,0,1.46,4.88,45.6230223484297
"248","Germany","2010",7,23866,5.91,0,2.15,3.29,33.9799128949305
"249","Estonia","2010",16.7,11552,4.9,1.43,7.53,1.11,79.9890283398467
"250","Ireland","2010",14.6,19674,5.47,0.81,2.09,3.26,37.3961142312951
"251","Greece","2010",12.7,17366,2.24,0.13,1.84,4.78,23.1383833294689
"252","Spain","2010",19.9,17798,4.87,0,2.76,2.15,39.0665338954269
"253","France","2010",9.3,22673,2.18,0.23,2.65,7.27,43.3850988751144
"254","Croatia","2010",11.8,11368,4.5,0.43,1.2,5.99,52.3347782000263
"255","Italy","2010",8.4,21427,1.66,0,0.84,4.45,21.9106829042069
"256","Cyprus","2010",6.3,19100,3.78,0,4.86,2.67,12.4582934645054
"257","Latvia","2010",19.5,10167,4.61,0.53,3.64,1.05,72.4698864572813
"258","Lithuania","2010",17.8,12614,5.93,1.65,5.05,0.99,95.6764636329303
"259","Luxembourg","2010",4.6,29509,4.05,0,2.4,5.28,51.1280532845104
"260","Hungary","2010",11.2,11820,3.91,0,3.68,3.16,88.8258189899073
"261","Netherlands","2010",5,23177,4.36,0,1.57,3.39,17.8188136905635
"262","Austria","2010",4.8,24235,6.1,0,1.7,4.3,35.1743803683915
"263","Poland","2010",9.7,12406,5.3,0,3.76,0.97,49.0319617779447
"264","Portugal","2010",12,16743,3.36,0.47,0.93,7.47,63.4792751107203
"265","Romania","2010",7,9042,4.5,0,1.9,2.6,121.870809824029
"266","Slovenia","2010",7.3,15857,4.59,0,0.89,4.85,21.885064194459
"267","Slovakia","2010",14.5,14041,3.44,0.36,4.62,2.13,40.1558425842249
"268","Finland","2010",8.4,21477,4.47,1.22,2.33,1.7,35.0360656382146
"269","Sweden","2010",8.6,21579,2.67,0.13,1.11,3.4,17.5615687581659
"270","United Kingdom","2010",7.8,21955,3.76,0.91,2.25,3.3,17.6352489810669
"271","Belgium","2011",7.2,22869,4.89,0.05,1.49,3.71,33.163176164421
"272","Bulgaria","2011",11.3,8678,4.1,0.07,5.16,1.72,37.9023012743685
"273","Czechia","2011",6.7,14831,6.79,0,3.25,2.58,50.6755384173634
"274","Denmark","2011",7.8,21438,3.77,0,1.46,4.99,42.2959876133268
"275","Germany","2011",5.8,24874,5.98,0,2.43,3.46,33.1126084177871
"276","Estonia","2011",12.3,12303,5.32,1.57,8.18,1.2,80.6835869953274
"277","Ireland","2011",15.4,18762,5.48,0.82,2.1,3.26,37.0059347259378
"278","Greece","2011",17.9,15981,2.1,0.1,1.62,4.21,23.1771405592359
"279","Spain","2011",21.4,17805,4.4,0,2.42,2.2,38.0529064612032
"280","France","2011",9.2,23054,2.1,0.22,2.64,7.41,41.7709924282838
"281","Croatia","2011",13.7,11719,4.74,0.43,1.21,6.05,50.4130874126225
"282","Italy","2011",8.4,21513,1.69,0,0.84,4.45,21.6000143926175
"283","Cyprus","2011",7.9,18828,3.53,0,4.61,2.56,12.1349939678275
"284","Latvia","2011",16.2,9962,4.86,0.55,3.57,1.13,69.983672915583
"285","Lithuania","2011",15.4,13416,6.48,1.8,5.52,1.08,92.7803872065641
"286","Luxembourg","2011",4.8,29777,4.04,0,2.54,5.44,49.8386688391697
"287","Hungary","2011",11,12647,4.04,0,3.82,3.49,83.8145247212472
"288","Netherlands","2011",5,23413,4.35,0,1.45,3.38,17.9155815607958
"289","Austria","2011",4.6,24595,6.1,0,1.7,4.1,34.0794730688004
"290","Poland","2011",9.7,12981,5.54,0,3.76,0.9,48.6627578364464
"291","Portugal","2011",12.9,16201,3.12,0.45,0.92,7.43,60.7610227145683
"292","Romania","2011",7.2,8893,4.7,0,1.4,2.8,113.241905337684
"293","Slovenia","2011",8.2,16258,4.94,0,0.86,4.81,20.9876156231368
"294","Slovakia","2011",13.7,14016,3.55,0.47,4.5,2.25,39.9947334117167
"295","Finland","2011",7.8,22071,4.61,1.21,2.25,1.74,33.7407181856339
"296","Sweden","2011",7.8,22380,2.7,0.12,1.05,3.47,17.4372123549153
"297","United Kingdom","2011",8.1,21898,3.65,0.9,2.17,3.3,17.3655365431668
"298","Belgium","2012",7.6,23588,4.78,0.05,1.54,3.72,33.2918423415803
"299","Bulgaria","2012",12.3,8871,4.3,0.08,4.98,1.93,38.1299694814065
"300","Czechia","2012",7,15060,7.15,0,3.17,2.65,48.7093363858346
"301","Denmark","2012",7.8,21788,3.52,0,1.46,4.13,39.9644960695853
"302","Germany","2012",5.4,25700,5.83,0,2.46,3.47,32.2409797390114
"303","Estonia","2012",10,13124,5.55,1.62,8.53,1.26,81.1935914602312
"304","Ireland","2012",15.5,19473,5.42,0.81,2.08,3.23,36.1607161622099
"305","Greece","2012",24.5,15116,2.11,0.09,1.49,3.92,23.0866872335077
"306","Spain","2012",24.8,17292,4.41,0,2.2,2.21,37.1222160963171
"307","France","2012",9.8,23442,2.15,0.22,2.54,7.33,39.952707738924
"308","Croatia","2012",15.8,12109,4.57,0.4,1.25,5.7,49.5428790280739
"309","Italy","2012",10.7,20958,1.7,0,0.79,4.99,21.2284336777104
"310","Cyprus","2012",11.9,17945,3.48,0,4.47,2.61,12.082423418821
"311","Latvia","2012",15,10779,4.67,0.6,3.77,1.16,70.0923112569228
"312","Lithuania","2012",13.4,14172,6.6,1.83,5.62,1.1,91.87179908916
"313","Luxembourg","2012",5.1,30906,3.99,0,2.5,5.4,48.8921649092532
"314","Hungary","2012",11,12825,4.06,0,3.88,3.2,80.5375637719487
"315","Netherlands","2012",5.8,23859,4.34,0,1.57,3.37,18.2660774220899
"316","Austria","2012",4.9,25702,6.3,0,1.7,4.1,33.390354879082
"317","Poland","2012",10.1,13756,5.83,0,3.53,0.83,48.4667126470706
"318","Portugal","2012",15.8,16156,2.82,0.42,0.86,6.76,58.6896111756681
"319","Romania","2012",6.8,9106,5,0,1.1,2.8,112.181816818749
"320","Slovenia","2012",8.9,16189,4.58,0,0.87,5.5,20.8595584984691
"321","Slovakia","2012",14,14527,3.67,0.47,4.38,2.13,40.0407574188264
"322","Finland","2012",7.7,22673,4.27,0.96,2.15,1.89,32.5084292428057
"323","Sweden","2012",8,23462,2.63,0.12,1.05,3.43,17.2408539618968
"324","United Kingdom","2012",7.9,22717,3.46,0.84,2.16,3.3,17.0559967395264
"325","Belgium","2013",8.4,23948,4.6,0.44,1.42,3.87,32.7009323386729
"326","Bulgaria","2013",13,9248,4.26,0.09,4.87,1.53,37.9813948385355
"327","Czechia","2013",7,15463,7.15,0,3.09,2.6,46.8906953600047
"328","Denmark","2013",7.4,22128,3.51,0,1.57,4.35,38.1054163108402
"329","Germany","2013",5.2,25844,5.71,0,2.41,3.55,32.0617621208575
"330","Estonia","2013",8.6,13477,5.8,1.71,8.93,1.31,75.5667521166243
"331","Ireland","2013",13.8,18954,5,0.74,1.92,2.98,34.6194031924089
"332","Greece","2013",27.5,14424,2.12,0.09,1.5,3.81,22.0039988656816
"333","Spain","2013",26.1,17385,4.42,0,2.2,2.15,35.7441768230481
"334","France","2013",10.3,23703,1.8,0.21,2.5,7.13,38.2270095576138
"335","Croatia","2013",17.4,11562.4648898553,4.62,0.37,1.28,5.36,46.0523625980108
"336","Italy","2013",12.1,20678,1.7,0,0.79,4.86,20.6217091076163
"337","Cyprus","2013",15.9,17362,3.3,0,3.25,2.48,12.1032563687826
"338","Latvia","2013",11.9,11350,4.7,0.64,3.99,1.1,70.070990897858
"339","Lithuania","2013",11.8,14930,6.71,1.72,5.62,1.1,92.8435293110544
"340","Luxembourg","2013",5.9,31449,3.76,0,2.46,5.34,47.4046757131577
"341","Hungary","2013",10.2,13079,3.77,0,3.73,3.2,76.0477973925925
"342","Netherlands","2013",7.3,23800,4.21,0,1.32,3.01,18.3853379182088
"343","Austria","2013",5.4,25655,6,0,1.7,3.9,32.8874758521231
"344","Poland","2013",10.3,13896,5.74,0,4.23,0.82,47.4187241842513
"345","Portugal","2013",16.4,16490,2.81,0.41,0.82,6.5,56.6030361479574
"346","Romania","2013",7.1,9471,5.1,0,1.4,3.1,108.641416504422
"347","Slovenia","2013",10.1,16057,4.55,0,0.89,4.09,20.3094763462234
"348","Slovakia","2013",14.2,14656,3.43,0.59,4.14,2.37,39.2470371210828
"349","Finland","2013",8.2,22725,4.28,0.92,2.03,1.84,31.7875655991827
"350","Sweden","2013",8,23015,2.65,0.11,1.06,3.5,17.4058504462104
"351","United Kingdom","2013",7.5,22615,3.38,0.83,2.09,3.36,17.4023308982009
"352","Belgium","2014",8.5,24628,4.72,0.41,1.47,3.97,31.7009763111326
"353","Bulgaria","2014",11.4,9754,4.06,0.11,4.76,1.74,39.6096513277422
"354","Czechia","2014",6.1,16397,7.15,0,3.21,2.7,44.5691223012775
"355","Denmark","2014",6.9,22518,3.62,0,1.57,4.34,36.1218368701469
"356","Germany","2014",5,26775,5.71,0,2.48,3.41,30.9672853804057
"357","Estonia","2014",7.4,14258,5.66,1.65,8.7,1.28,76.8039201900045
"358","Ireland","2014",11.9,18920,5.17,0.77,1.98,3.08,33.3319568823802
"359","Greece","2014",26.5,14971,2.09,0.09,1.5,3.32,22.2267992970618
"360","Spain","2014",24.5,17895,4.35,0,2.19,2.16,35.0624946992667
"361","France","2014",10.3,24161,2.26,0.2,2.47,7.04,36.3285830955014
"362","Croatia","2014",17.2,11829.1718994276,4.26,0.37,1.33,4.67,46.403860290289
"363","Italy","2014",12.7,20703,1.73,0,0.86,4.97,20.0206522521925
"364","Cyprus","2014",16.1,16863,3.21,0,3.6,2.78,11.9319311575491
"365","Latvia","2014",10.8,11915,4.8,0.6,4,1.2,69.8020147843386
"366","Lithuania","2014",10.7,15529,6.45,1.79,5.5,1.08,88.9047152662268
"367","Luxembourg","2014",6,32368,3.99,0,2.48,5.23,46.8327611309501
"368","Hungary","2014",7.7,13426,3.9,0,4.08,2.9,74.0135524669001
"369","Netherlands","2014",7.4,24208,3.84,0,1.32,3,18.2228129572364
"370","Austria","2014",5.6,26163,6.3,0,1.7,4.2,32.2217763083513
"371","Poland","2014",9,14314,5.8,0,3.76,0.89,45.7225769001241
"372","Portugal","2014",14.1,16644,2.71,0.44,0.82,6.38,54.4674020344027
"373","Romania","2014",6.8,9718,4.9,0,1.4,3.2,108.835719659608
"374","Slovenia","2014",9.7,16265,5.37,0,0.82,4.73,19.1550446918902
"375","Slovakia","2014",13.2,14967,3.32,0.59,4.14,2.84,39.4271261962286
"376","Finland","2014",8.7,23066,4.17,0.86,1.92,1.8,30.2758082878766
"377","Sweden","2014",7.9,23593,2.64,0.11,0.99,3.46,17.4130811339666
"378","United Kingdom","2014",6.1,23213,3.48,0.76,2.07,3.38,17.3508718307557
"379","Belgium","2015",8.5,25473,4.6,0.32,1.47,3.97,31.5927329137669
"380","Bulgaria","2015",9.2,10272,4.22,0.13,4.99,1.96,39.7365674701766
"381","Czechia","2015",5.1,17157,6.9,0,3.25,2.67,43.6762913912353
"382","Denmark","2015",6.3,23764,3.49,0,1.68,4.21,34.6452138093801
"383","Germany","2015",4.6,27615,5.66,0,2.49,3.84,31.3817198504444
"384","Estonia","2015",6.2,15192,5.44,1.6,8.37,1.23,71.9576453259809
"385","Ireland","2015",10,19982,5.14,0.77,1.97,3.06,32.0846578669878
"386","Greece","2015",24.9,15080,2.04,0.08,1.44,3.08,23.0917886343055
"387","Spain","2015",22.1,19194,4.51,0,2.21,1.55,35.2311170488351
"388","France","2015",10.4,24842,2.16,0.2,2.42,7.09,35.6234862067425
"389","Croatia","2015",16.1,12109,4.5,0.36,1.34,3.68,46.9935649282979
"390","Italy","2015",11.9,21409,1.78,0,0.74,4.61,20.1950244497927
"391","Cyprus","2015",15,17649,2.84,0,4,2.71,11.896660578046
"392","Latvia","2015",9.9,13077,4.8,0.65,4.13,1.24,68.3164047389997
"393","Lithuania","2015",9.1,16540,6.28,1.76,5.35,1.03,88.2000167500426
"394","Luxembourg","2015",6.5,33089,3.91,0,2.46,5.47,46.1405222692807
"395","Hungary","2015",6.8,13993,3.93,0,3.57,3.41,76.3683915631736
"396","Netherlands","2015",6.9,24948,3.83,0,1.32,2.88,18.8231043267124
"397","Austria","2015",5.7,26807,6.1,0,1.7,3.6,32.0417286045013
"398","Poland","2015",7.5,15134,5.83,0,3.76,0.89,46.612203150919
"399","Portugal","2015",12.6,17626,2.69,0.48,0.82,6.54,52.067367358792
"400","Romania","2015",6.8,10535,5.78,0,1.7,2.92,107.268358809876
"401","Slovenia","2015",9,16909,5.73,0,0.86,4.9,19.7895159098826
"402","Slovakia","2015",11.5,15892,3.44,0.47,4.27,2.61,39.6690780212469
"403","Finland","2015",9.4,24031,4.13,0.79,1.84,1.75,28.8085346623878
"404","Sweden","2015",7.4,24566,2.62,0.11,1.01,3.42,17.4063232656414
"405","United Kingdom","2015",5.3,24563,3.49,0.73,2.13,3.48,17.655078336814
